{
  "rapid_board_creation": {
    "total_boards": 100,
    "successful_creations": 100,
    "failed_creations": 0,
    "total_time": 0.451707156,
    "avg_creation_time": 4.5099012599999995,
    "min_creation_time": 2.639968,
    "max_creation_time": 33.575716,
    "creation_rate": 221.38236835902595,
    "success_rate": 100.0
  },
  "massive_concurrent_load": {
    "1": {
      "avg_response_time": 6.1191931,
      "p95_response_time": 5.810135,
      "p99_response_time": 5.810135,
      "errors": 0,
      "success_count": 20,
      "total_requests": 20,
      "total_time": 0.324217558,
      "requests_per_second": 61.68697378196895,
      "success_rate": 100.0
    },
    "5": {
      "avg_response_time": 3.76589311,
      "p95_response_time": 6.979705,
      "p99_response_time": 11.053401,
      "errors": 0,
      "success_count": 100,
      "total_requests": 100,
      "total_time": 0.285147829,
      "requests_per_second": 350.6952879518504,
      "success_rate": 100.0
    },
    "10": {
      "avg_response_time": 12.94950596,
      "p95_response_time": 14.480672,
      "p99_response_time": 21.53602,
      "errors": 0,
      "success_count": 200,
      "total_requests": 200,
      "total_time": 0.47379706,
      "requests_per_second": 422.1216568967313,
      "success_rate": 100.0
    },
    "20": {
      "avg_response_time": 35.483125799999996,
      "p95_response_time": 37.55917,
      "p99_response_time": 41.360046999999994,
      "errors": 0,
      "success_count": 400,
      "total_requests": 400,
      "total_time": 0.938129091,
      "requests_per_second": 426.3805523540683,
      "success_rate": 100.0
    },
    "50": {
      "avg_response_time": 100.61879412200001,
      "p95_response_time": 107.022994,
      "p99_response_time": 179.42272,
      "errors": 0,
      "success_count": 1000,
      "total_requests": 1000,
      "total_time": 2.300628583,
      "requests_per_second": 434.66381639752063,
      "success_rate": 100.0
    }
  },
  "sustained_load": {
    "duration": 60.029098574,
    "thread_count": 5,
    "total_requests": 2875,
    "successful_requests": 2875,
    "failed_requests": 0,
    "avg_response_time": 4.2857793495652174,
    "p95_response_time": 6.626218,
    "requests_per_second": 47.89343948678299,
    "success_rate": 100.0,
    "response_time_drift": -6.34
  },
  "memory_pressure": {
    "100": {
      "avg_time": 5.7582079,
      "success_count": 10,
      "errors": 0,
      "success_rate": 100.0
    },
    "1000": {
      "avg_time": 5.9194966,
      "success_count": 10,
      "errors": 0,
      "success_rate": 100.0
    },
    "5000": {
      "avg_time": 5.9469808,
      "success_count": 10,
      "errors": 0,
      "success_rate": 100.0
    },
    "10000": {
      "avg_time": 6.113703,
      "success_count": 10,
      "errors": 0,
      "success_rate": 100.0
    },
    "20000": {
      "avg_time": 6.3464577,
      "success_count": 10,
      "errors": 0,
      "success_rate": 100.0
    }
  },
  "api_burst_load": {
    "burst_1": {
      "config": {
        "threads": 10,
        "requests": 5,
        "delay": 0
      },
      "avg_response_time": 28.33569768,
      "max_response_time": 32.895573999999996,
      "errors": 0,
      "success_count": 50,
      "total_time": 0.156772116,
      "requests_per_second": 318.9342676219284,
      "success_rate": 100.0
    },
    "burst_2": {
      "config": {
        "threads": 20,
        "requests": 3,
        "delay": 0
      },
      "avg_response_time": 54.71327573333333,
      "max_response_time": 65.399244,
      "errors": 0,
      "success_count": 60,
      "total_time": 0.199259221,
      "requests_per_second": 301.11529945206405,
      "success_rate": 100.0
    },
    "burst_3": {
      "config": {
        "threads": 50,
        "requests": 2,
        "delay": 0
      },
      "avg_response_time": 121.15409032,
      "max_response_time": 162.893069,
      "errors": 0,
      "success_count": 100,
      "total_time": 0.327319118,
      "requests_per_second": 305.5122493639372,
      "success_rate": 100.0
    }
  },
  "complex_workload": {
    "total_time": 1.045829771,
    "operations_per_second": 191.2357111509307,
    "operation_stats": {
      "get_boards": {
        "avg_time": 5.684685338028169,
        "min_time": 3.331863,
        "max_time": 17.24232,
        "count": 71
      },
      "create_note": {
        "avg_time": 5.882748571428571,
        "min_time": 3.326275,
        "max_time": 12.248752,
        "count": 28
      },
      "create_board": {
        "avg_time": 9.442289543478262,
        "min_time": 6.619794,
        "max_time": 18.783612,
        "count": 46
      },
      "get_home": {
        "avg_time": 2.5769042727272726,
        "min_time": 0.607101,
        "max_time": 9.584126999999999,
        "count": 55
      }
    },
    "operation_results": {
      "get_boards": {
        "success": 71,
        "errors": 0
      },
      "create_note": {
        "success": 28,
        "errors": 0
      },
      "create_board": {
        "success": 46,
        "errors": 0
      },
      "get_home": {
        "success": 55,
        "errors": 0
      }
    }
  }
}